Fid,Temp,Wind,Date_Time,Age_band_of_driver,Sex_of_driver,Vehicle_driver_relation,Driving_experience,Type_of_vehicle,Area_accident_occured,Types_of_Junction,Type_of_collision,Number_of_vehicles_involved,Number_of_casualties,Vehicle_movement,Cause_of_accident,Accident_severity,Ambulace_Allocated,Ambulace_Pickedup,LATITUDE,LONGITUDE,Label
206.126.112.142-10.42.0.151-443-55194-6,30,2.2,07-11-2022 12:42,55,Male,Employee,1-2yr,Automobile,Office areas,No junction,Vehicle with vehicle collision,2,1,Reversing,No distancing,Slight Injury,Yes,Yes,39.13907053,-111.8204549,0
216.58.219.238-10.42.0.42-443-47576-6,32,3.1,07-11-2022 12:43,60,Male,Employee,2-5yr,Public (12 seats),Office areas,Crossing,Vehicle with vehicle collision,3,2,Going straight,Driving carelessly,Slight Injury,Yes,Yes,40.77381396,-111.8400118,0
202.77.129.230-10.42.0.151-80-38264-6,32,2.8,07-11-2022 12:44,65,Male,Owner,Above 10yr,Stationwagen,Office areas,Crossing,Vehicle with vehicle collision,3,2,Going straight,Driving carelessly,Slight Injury,Yes,Yes,40.63935581,-111.9297235,0
183.79.17.108-10.42.0.151-443-60437-6,34,4,07-11-2022 12:49,30,Male,Employee,2-5yr,Stationwagen,Other,Crossing,Fall from vehicles,3,2,Other,Moving Backward,Slight Injury,No,No,40.11962263,-111.7104397,1
216.58.219.196-10.42.0.211-80-59776-6,28,5.3,07-11-2022 12:50,30,Male,Employee,Above 10yr,Automobile,Residential areas,Crossing,Vehicle with vehicle collision,3,2,Entering a junction,No distancing,Slight Injury,Yes,Yes,40.7523291,-111.8978004,0
10.42.0.151-31.13.80.5-47915-443-6,29,2.5,07-11-2022 12:53,55,Female,Employee,2-5yr,Lorry (41?100Q),Residential areas,No junction,Collision with roadside objects,2,1,Turnover,Changing lane to the right,Slight Injury,No,No,41.09512182,-111.9741834,1
10.42.0.211-31.13.80.52-33273-443-6,27,2.5,07-11-2022 12:54,60,Male,Other,No Licence,Automobile, Church areas,No junction,Vehicle with vehicle collision,2,1,Going straight,Overtaking,Slight Injury,Yes,Yes,41.24219108,-111.9704453,0
10.42.0.151-40.78.71.48-43912-443-6,28,3.1,07-11-2022 12:56,40,Male,Employee,1-2yr,Public (12 seats),Other,No junction,Vehicle with vehicle collision,2,1,Going straight,No distancing,Slight Injury,No,No,40.5360632,-111.9764113,1
10.42.0.151-121.12.98.63-45012-80-6,35,2.9,07-11-2022 13:00,45,Male,Owner,5-10yr,Automobile,Residential areas,No junction,Vehicle with vehicle collision,2,1,Going straight,Overtaking,Slight Injury,Yes,Yes,41.21051867,-111.9562081,0
10.42.0.211-106.39.162.36-50137-80-6,27,3.4,07-11-2022 13:01,45,Female,Employee,1-2yr,Automobile,Other,Y Shape,Collision with pedestrians,2,1,Going straight,Moving Backward,Serious Injury,No,No,41.66664255,-111.9484924,1
8.0.6.4-8.6.0.1-0-0-0,25,3.1,07-11-2022 13:06,45,Male,Employee,Above 10yr,Lorry (41?100Q),Residential areas,Y Shape,Vehicle with vehicle collision,2,1,Going straight,No distancing,Serious Injury,No,No,41.08360433,-111.9704026,1
10.42.0.211-52.225.130.92-53426-443-6,32,2.5,07-11-2022 13:06,25,Male,Employee,1-2yr,Automobile,Residential areas,Y Shape,Vehicle with vehicle collision,2,1,Going straight,No distancing,Slight Injury,Yes,Yes,44.46899581,-73.1728021,0
10.42.0.151-103.7.29.233-48527-80-6,30,3.2,07-11-2022 13:12,35,Male,Employee,1-2yr,Motorcycle,Other,Y Shape,Vehicle with vehicle collision,2,1,Going straight,No priority to vehicle,Slight Injury,No,No,43.39757561,-72.68978087,1
10.42.0.211-64.71.142.95-48800-443-6,30,3.1,07-11-2022 13:14,55,Male,Employee,2-5yr,Car,Other,No junction,Rollover,2,1,Going straight,No priority to vehicle,Slight Injury,Yes,Yes,43.78564006,-72.45370272,0
10.42.0.211-10.42.0.1-21675-53-17,35,3.7,07-11-2022 13:20,30,Male,Employee,1-2yr,Automobile,Other,No junction,Collision with roadside objects,2,1,Getting off,Changing lane to the left,Slight Injury,Yes,Yes,37.7096323,-77.80678625,0
10.42.0.151-104.254.66.16-50163-80-6,30,3.2,07-11-2022 13:22,30,Male,Employee,1-2yr,Automobile,Other,Y Shape,Vehicle with vehicle collision,1,1,Getting off,No distancing,Slight Injury,No,No,39.00308838,-77.35214611,1
10.42.0.211-10.42.0.1-25772-53-17,29,5.7,07-11-2022 13:25,60,Male,Employee,Above 10yr,Automobile,Residential areas,Y Shape,Vehicle with vehicle collision,3,3,Getting off,Driving under the influence of drugs,Slight Injury,No,No,37.349053,-78.816639,1
10.42.0.211-10.42.0.1-25313-53-17,30,4.2,07-11-2022 13:31,30,Male,Employee,Above 10yr,Public (> 45 seats),  Recreational areas,Y Shape,Collision with roadside objects,3,3,Moving Backward,Changing lane to the left,Slight Injury,Yes,Yes,39.01786857,-77.45535498,0
172.217.12.195-10.42.0.42-443-32996-6,41,2.6,07-11-2022 13:56,45,Male,Employee,Above 10yr,Car,Other,Y Shape,Vehicle with vehicle collision,3,3,Going straight,Changing lane to the right,Slight Injury,No,No,37.47978606,-78.27880216,1
172.217.12.163-10.42.0.42-443-36990-17,25,3.7,07-11-2022 14:02,60,Male,Employee,Above 10yr,Automobile,Office areas,Y Shape,Vehicle with vehicle collision,3,3,Going straight,Driving to the left,Slight Injury,Yes,Yes,38.81018388,-77.2546043,0
172.217.10.106-10.42.0.211-443-40422-6,33,2.9,07-11-2022 14:09,45,Male,Employee,1-2yr,Automobile,Other,Y Shape,Vehicle with vehicle collision,3,3,Waiting to go,Driving at high speed,Slight Injury,No,No,37.02153211,-76.39550594,1
202.77.129.150-10.42.0.211-80-40562-6,38,3.4,07-11-2022 14:15,55,Male,Employee,5-10yr,Other,Office areas,Crossing,Rollover,1,1,Going straight,Overtaking,Slight Injury,Yes,Yes,37.70207257,-78.31263812,0
10.42.0.151-104.193.88.109-58878-80-6,35,3,07-11-2022 14:18,40,Male,Owner,2-5yr,Stationwagen,Office areas,No junction,Rollover,1,1,Other,Changing lane to the right,Slight Injury,No,No,38.77759679,-77.30123546,1
10.42.0.211-119.146.74.33-46477-443-6,30,3.4,07-11-2022 14:33,40,Male,Employee,2-5yr,Lorry (41?100Q),Office areas,Crossing,Collision with pedestrians,1,1,Going straight,Changing lane to the right,Slight Injury,Yes,Yes,38.89932428,-77.26299117,0
172.217.12.130-10.42.0.211-443-46899-6,28,3.7,07-11-2022 14:39,65,Male,Employee,5-10yr,Taxi,Other,No junction,Vehicle with vehicle collision,2,1,Going straight,Moving Backward,Slight Injury,Yes,Yes,37.26900512,-79.94660157,0
182.22.65.137-10.42.0.151-443-60420-6,29,5,07-11-2022 14:59,50,Male,Employee,5-10yr,Other,Other,No junction,Vehicle with vehicle collision,2,1,Going straight,Moving Backward,Slight Injury,Yes,Yes,37.05347357,-76.42754072,0
10.42.0.1-10.42.0.42-53-45321-17,29,1.5,07-11-2022 15:04,35,Male,Employee,2-5yr,Public (12 seats),Office areas,No junction,Vehicle with vehicle collision,2,1,Going straight,Changing lane to the left,Slight Injury,Yes,Yes,36.86165508,-76.1334719,0
10.42.0.211-10.42.0.1-38389-53-17,24,1.7,07-11-2022 15:04,25,Female,Employee,Above 10yr,Automobile,Residential areas,No junction,Collision with pedestrians,2,1,Overtaking,Moving Backward,Slight Injury,Yes,Yes,37.24425511,-80.3672281,0
10.42.0.42-106.11.94.6-59606-443-6,28,2.1,07-11-2022 15:14,40,Male,Employee,5-10yr,Automobile,  Recreational areas,Y Shape,Collision with pedestrians,1,1,Going straight,No distancing,Slight Injury,No,No,37.35251399,-77.35698669,1
174.35.73.149-10.42.0.211-80-59828-6,30,3.7,07-11-2022 15:25,50,Male,Employee,Above 10yr,Public (13?45 seats),Other,No junction,Vehicle with vehicle collision,1,1,Going straight,Moving Backward,Serious Injury,No,No,39.11660753,-77.5849154,1
10.42.0.211-69.147.82.61-53366-443-6,29,2.8,07-11-2022 15:32,35,Male,Employee,2-5yr,Lorry (41?100Q),Residential areas,No junction,Vehicle with vehicle collision,1,2,Going straight,Changing lane to the right,Serious Injury,Yes,Yes,36.68923967,-79.37133865,0
10.42.0.42-123.125.115.190-51973-80-6,35,2.3,07-11-2022 15:42,60,Male,Employee,2-5yr,Lorry (41?100Q),Other,No junction,Vehicle with vehicle collision,1,2,Turnover,Changing lane to the left,Serious Injury,Yes,Yes,38.82199577,-77.06523007,0
172.217.10.99-10.42.0.151-443-39858-6,28,1.3,07-11-2022 15:47,25,Male,Employee,2-5yr,Lorry (11?40Q),Other,Crossing,Collision with roadside objects,2,3,Going straight,No priority to vehicle,Slight Injury,Yes,Yes,38.1408602,-79.09450522,0
172.217.10.142-10.42.0.151-443-56296-6,28,2.2,07-11-2022 15:52,45,Male,Employee,1-2yr,Motorcycle,Other,Crossing,Vehicle with vehicle collision,2,3,Going straight,No distancing,Slight Injury,No,No,39.04379221,-77.39617117,1
202.77.129.230-10.42.0.211-80-38538-6,30,1.7,07-11-2022 15:53,30,Male,Employee,5-10yr,Lorry (41?100Q),Other,Crossing,Collision with roadside objects,2,3,Getting off,No priority to vehicle,Slight Injury,No,No,38.90912072,-77.46997434,1
172.217.9.238-10.42.0.151-443-40646-6,29,2.5,07-11-2022 15:58,60,Male,Employee,2-5yr,Stationwagen,Other,No junction,Vehicle with vehicle collision,3,2,Moving Backward,Driving under the influence of drugs,Slight Injury,No,No,38.82494013,-77.4392927,1
172.217.12.170-10.42.0.151-443-60220-6,29,2.3,07-11-2022 15:59,40,Male,Employee,1-2yr,Automobile,School areas,No junction,Vehicle with vehicle collision,3,2,Getting off,Changing lane to the right,Slight Injury,No,No,37.47632343,-75.88156191,1
10.42.0.211-104.244.43.3-49155-443-6,28,3,07-11-2022 16:23,60,Male,Employee,1-2yr,Other,Office areas,No junction,Collision with roadside objects,3,2,Overtaking,No distancing,Slight Injury,No,No,38.031302,-78.443768,1
10.42.0.211-10.42.0.1-37062-53-17,28,3.2,07-11-2022 16:30,50,Female,Employee,No Licence,Other,Office areas,No junction,Vehicle with vehicle collision,3,2,Going straight,No distancing,Slight Injury,Yes,Yes,36.85346027,-76.23948391,0
157.240.2.20-10.42.0.211-443-56467-6,26,2.2,07-11-2022 16:38,40,Male,Owner,5-10yr,Taxi,Office areas,Y Shape,Vehicle with vehicle collision,1,1,Going straight,Changing lane to the left,Slight Injury,No,No,39.14559707,-77.54652369,1
163.177.151.166-10.42.0.211-443-57527-6,22,2.6,07-11-2022 16:42,70,Male,Employee,1-2yr,Automobile,School areas,No junction,Collision with roadside objects,2,1,Going straight,Changing lane to the right,Slight Injury,Yes,Yes,36.78876767,-78.87776514,0
172.217.10.10-10.42.0.151-443-45380-6,33,2.2,07-11-2022 16:49,40,Female,Employee,2-5yr,Long lorry,School areas,No junction,Collision with roadside objects,2,1,Reversing,Changing lane to the right,Slight Injury,Yes,Yes,37.18782963,-77.35917349,0
10.42.0.1-10.42.0.42-53-7759-17,28,2.9,07-11-2022 17:33,40,Male,Employee,5-10yr,Long lorry,Office areas,Crossing,Vehicle with vehicle collision,1,1,Getting off,Driving under the influence of drugs,Slight Injury,Yes,Yes,38.78097134,-77.23071678,0
10.42.0.211-10.42.0.1-42978-53-17,26,2.8,07-11-2022 17:36,40,Male,Owner,1-3yr,Lorry (41?100Q),Office areas,Crossing,Vehicle with vehicle collision,2,1,Going straight,Moving Backward,Slight Injury,No,No,38.46618509,-78.87626553,1
172.217.12.142-10.42.0.42-443-54527-6,29,2.5,07-11-2022 17:45,35,Male,Owner,1-3yr,Lorry (41?100Q),School areas,Crossing,Vehicle with vehicle collision,2,1,Going straight,Changing lane to the left,Slight Injury,Yes,Yes,38.72559856,-77.06687897,0
10.42.0.1-10.42.0.42-53-64905-17,34,2.6,07-11-2022 17:55,40,Male,Employee,2-5yr,Lorry (11?40Q),,Y Shape,Vehicle with vehicle collision,2,1,Going straight,No priority to pedestrian,Serious Injury,No,No,38.71168438,-77.79602552,1
10.42.0.151-10.42.0.1-19702-53-17,24,3,07-11-2022 17:58,60,Male,Employee,Above 10yr,Automobile,Other,Y Shape,Vehicle with vehicle collision,2,1,Reversing,No distancing,Serious Injury,Yes,Yes,36.81542546,-76.32470065,0
10.42.0.211-10.42.0.1-51599-53-17,33,2.2,07-11-2022 18:00,45,Male,Owner,Above 10yr,Taxi,Other,Crossing,Vehicle with vehicle collision,3,1,Going straight,No distancing,Slight Injury,No,No,36.86891873,-76.37845595,1
10.42.0.211-106.48.13.50-52853-80-6,25,3.1,07-11-2022 18:06,45,Male,Owner,1-3yr,Other,Other,Crossing,Vehicle with vehicle collision,3,1,Stopping,Changing lane to the left,Slight Injury,Yes,Yes,38.95360601,-77.4119587,0
198.105.244.11-10.42.0.211-80-40092-6,30,3,07-11-2022 18:14,40,Male,Owner,Above 10yr,Automobile,Residential areas,Crossing,Vehicle with vehicle collision,3,1,Overtaking,Changing lane to the right,Slight Injury,No,No,37.58422071,-77.50059557,1
172.217.12.206-10.42.0.211-443-55786-6,25,4.6,07-11-2022 18:18,45,Male,Owner,1-3yr,Automobile,Other,Y Shape,Vehicle with vehicle collision,1,1,Going straight,Driving carelessly,Slight Injury,No,No,37.295473,-77.29066,1
10.42.0.42-103.235.46.212-52946-443-6,34,4.1,07-11-2022 18:25,35,Male,Owner,5-10yr,Automobile,Other,Crossing,Vehicle with vehicle collision,2,2,Reversing,No distancing,Serious Injury,Yes,Yes,36.87507134,-82.26815392,0
172.217.10.3-10.42.0.211-443-36993-6,23,3.7,07-11-2022 18:25,55,Male,Owner,Above 10yr,Automobile, Industrial areas,Crossing,Vehicle with vehicle collision,2,2,Going straight,Changing lane to the left,Serious Injury,No,No,37.453275,-79.190888,1
10.42.0.211-23.194.141.191-58965-443-6,34,2,07-11-2022 18:29,55,Male,Owner,Above 10yr,Public (> 45 seats),  Recreational areas,Crossing,Vehicle with vehicle collision,2,2,Going straight,Moving Backward,Serious Injury,Yes,Yes,37.42609086,-76.50428228,0
10.42.0.151-10.42.0.1-31803-53-17,28,1.9,07-11-2022 18:36,75,Male,Owner,1-3yr,Lorry (11?40Q), Church areas,No junction,Vehicle with vehicle collision,2,1,Reversing,No distancing,Slight Injury,Yes,Yes,47.59963424,-122.7083302,0
10.42.0.211-52.26.15.212-32774-443-6,26,2,07-11-2022 18:42,40,Male,Employee,5-10yr,Lorry (41?100Q),Office areas,No junction,Vehicle with vehicle collision,2,1,Going straight,No priority to pedestrian,Slight Injury,No,No,40.44375816,-74.85375779,1
10.42.0.211-106.11.92.16-45746-443-6,35,2.3,07-11-2022 18:57,45,Male,Owner,Above 10yr,Lorry (41?100Q),Other,Y Shape,Vehicle with vehicle collision,1,1,Waiting to go,Changing lane to the left,Slight Injury,No,No,47.66569574,-122.3136796,1
10.42.0.211-104.244.43.131-54622-443-6,25,2.4,07-11-2022 18:59,40,Male,Owner,Below 1yr,Stationwagen,Office areas,Y Shape,Vehicle with vehicle collision,2,1,Going straight,No distancing,Slight Injury,Yes,Yes,47.46888247,-122.3433784,0
172.217.12.174-10.42.0.151-443-51364-6,27,3,07-11-2022 19:39,60,Male,Owner,2-5yr,Other,Office areas,Y Shape,Vehicle with vehicle collision,2,1,Going straight,Driving carelessly,Slight Injury,No,No,48.83393023,-122.5280518,1
172.217.9.225-10.42.0.151-443-45852-6,24,2.5,08-11-2022 08:22,55,Male,Owner,2-5yr,Automobile,Other,Y Shape,Vehicle with vehicle collision,2,2,Going straight,No priority to vehicle,Slight Injury,Yes,Yes,47.61570105,-122.0363426,0
172.217.6.206-10.42.0.42-443-41474-6,29,2.3,08-11-2022 08:31,50,Male,Owner,5-10yr,Pick up upto 10Q,Residential areas,Y Shape,Collision with roadside objects,2,2,Going straight,Changing lane to the right,Slight Injury,No,No,48.24193498,-122.4386911,1
172.217.12.174-10.42.0.211-443-56459-6,33,2.9,08-11-2022 08:35,25,Male,Owner,1-3yr,Motorcycle,Office areas,Crossing,Vehicle with vehicle collision,1,1,Getting off,Moving Backward,Slight Injury,Yes,Yes,47.64267062,-122.1966701,0
239.255.255.250-10.42.0.1-1900-36537-17,26,2.6,08-11-2022 08:41,30,Male,Owner,Below 1yr,Automobile,Residential areas,No junction,Collision with pedestrians,2,1,Going straight,No priority to vehicle,Slight Injury,No,No,47.6418352,-117.4348997,1
174.129.32.118-10.42.0.211-443-38717-6,35,3.4,08-11-2022 08:57,55,Male,Owner,Above 10yr,Pick up upto 10Q,School areas,No junction,Vehicle with vehicle collision,2,1,Going straight,No priority to pedestrian,Slight Injury,Yes,Yes,47.55629343,-122.0168457,0
180.149.136.247-10.42.0.151-80-35104-6,29,1.4,08-11-2022 09:07,40,Male,Owner,Below 1yr,Motorcycle,Office areas,Y Shape,Collision with roadside objects,2,1,Going straight,Changing lane to the left,Serious Injury,Yes,Yes,46.11102677,-122.861475,0
183.79.215.137-10.42.0.42-443-34970-6,29,2.8,08-11-2022 09:18,35,Male,Owner,5-10yr,Stationwagen,Other,Y Shape,Vehicle with vehicle collision,2,1,Reversing,Changing lane to the left,Serious Injury,Yes,Yes,48.42733744,-122.3061565,0
192.229.163.180-10.42.0.151-443-58362-6,34,1.8,08-11-2022 09:24,50,Male,Owner,5-10yr,Lorry (41?100Q),Other,Crossing,Vehicle with vehicle collision,2,1,Turnover,Driving under the influence of drugs,Slight Injury,Yes,Yes,47.31924073,-122.6111674,0
10.42.0.211-52.84.26.207-55749-443-6,25,3.9,08-11-2022 09:28,60,Male,Owner,1-3yr,Taxi, Church areas,Crossing,Vehicle with vehicle collision,2,1,Going straight,Moving Backward,Slight Injury,Yes,Yes,48.19136505,-122.1219813,0
172.217.7.195-10.42.0.211-80-33783-6,23,2,08-11-2022 09:33,25,Male,Employee,1-2yr,Automobile,Office areas,T Shape,Vehicle with vehicle collision,2,1,Going straight,Changing lane to the right,Slight Injury,No,No,47.66449707,-122.3522522,1
10.42.0.151-10.42.0.1-5927-53-17,29,2.4,08-11-2022 09:40,55,Male,Owner,5-10yr,Long lorry,Other,T Shape,Vehicle with vehicle collision,2,1,Going straight,Changing lane to the right,Slight Injury,No,No,47.29575779,-122.3815925,1
10.42.0.211-104.88.88.137-55081-80-6,29,3.4,08-11-2022 09:57,25,Male,Employee,5-10yr,Automobile,Office areas,No junction,Rollover,2,1,Going straight,No distancing,Slight Injury,Yes,Yes,47.43942153,-122.1978332,0
10.42.0.151-10.42.0.1-31327-53-17,25,2.1,08-11-2022 10:07,45,Female,Employee,5-10yr,Public (12 seats),Office areas,No junction,Collision with roadside objects,2,1,Getting off,Moving Backward,Slight Injury,Yes,Yes,47.15561067,-122.5721158,0
183.232.231.172-10.42.0.211-80-55040-6,28.5,1.4,08-11-2022 10:09,45,Female,Employee,5-10yr,Lorry (11?40Q),Office areas,Y Shape,Vehicle with vehicle collision,2,1,Going straight,No distancing,Slight Injury,Yes,Yes,47.23745205,-123.094411,0
137.116.195.37-10.42.0.151-443-45090-6,30,1.9,08-11-2022 10:13,50,Male,Employee,Above 10yr,Pick up upto 10Q, Church areas,Y Shape,Collision with roadside objects,2,1,Going straight,Driving carelessly,Slight Injury,No,No,47.42594408,-122.6304378,1
10.42.0.211-10.42.0.1-26532-53-17,29,2.5,08-11-2022 10:15,40,Male,Employee,5-10yr,Lorry (41?100Q),Office areas,No junction,Vehicle with vehicle collision,3,1,Going straight,No priority to pedestrian,Slight Injury,No,No,47.61757859,-122.1463203,1
10.42.0.211-23.206.166.66-34458-80-6,30,2.1,08-11-2022 10:22,55,Male,Employee,No Licence,Other,Other,No junction,Vehicle with vehicle collision,3,1,Going straight,No priority to vehicle,Slight Injury,No,No,47.75563941,-122.2127642,1
174.36.210.49-10.42.0.211-443-54136-6,29,2.9,08-11-2022 10:29,25,Male,Employee,Below 1yr,Automobile,Other,No junction,Vehicle with vehicle collision,3,1,Going straight,Moving Backward,Slight Injury,No,No,47.30117418,-122.2761137,1
10.42.0.151-10.42.0.1-20048-53-17,29,2.9,08-11-2022 10:32,40,Male,Employee,5-10yr,Long lorry, Church areas,Crossing,Vehicle with vehicle collision,3,1,Going straight,Changing lane to the right,Slight Injury,No,No,47.6602881,-122.3642123,1
172.217.12.195-10.42.0.151-443-55012-6,29,1.9,08-11-2022 10:37,60,Male,Employee,5-10yr,Lorry (11?40Q),School areas,Crossing,Vehicle with vehicle collision,3,1,Going straight,No distancing,Slight Injury,Yes,Yes,47.69422602,-122.3180848,0
172.217.12.206-10.42.0.151-443-46605-6,28.5,1.8,08-11-2022 10:37,40,Male,Employee,5-10yr,Long lorry, Church areas,Crossing,Collision with roadside objects,3,1,Going straight,Driving carelessly,Slight Injury,No,No,47.03724618,-122.8086751,1
10.42.0.151-31.13.80.52-55511-80-6,28.5,2,08-11-2022 10:39,40,Male,Employee,5-10yr,Automobile,Office areas,Y Shape,Vehicle with vehicle collision,2,1,Going straight,Changing lane to the left,Slight Injury,Yes,Yes,46.26746917,-119.2897475,0
10.42.0.211-64.71.142.110-50393-80-6,29,1,08-11-2022 10:39,60,Male,Employee,5-10yr,Taxi,Other,Y Shape,Collision with roadside objects,2,1,Going straight,Moving Backward,Slight Injury,Yes,Yes,46.67143206,-120.5370685,0
239.255.255.250-10.42.0.1-1900-57845-17,30,2.2,08-11-2022 10:43,45,Male,Employee,2-5yr,Taxi, Church areas,Y Shape,Vehicle with vehicle collision,2,4,Reversing,No distancing,Serious Injury,Yes,Yes,45.62729784,-122.5567531,0
10.42.0.211-10.42.0.1-54255-53-17,29.5,3,08-11-2022 10:47,65,Male,Employee,5-10yr,Long lorry,Other,Y Shape,Vehicle with vehicle collision,2,4,Going straight,Changing lane to the right,Serious Injury,No,No,47.88100073,-122.1871208,1
172.217.3.106-10.42.0.211-443-38492-6,29.5,3.1,08-11-2022 10:48,50,Male,Employee,Above 10yr,Lorry (11?40Q),Other,Y Shape,Vehicle with vehicle collision,2,4,Turnover,No priority to vehicle,Serious Injury,Yes,Yes,47.78038073,-122.182729,0
172.217.12.163-10.42.0.42-443-47943-6,29,3,08-11-2022 10:50,60,Male,Employee,1-2yr,Lorry (11?40Q),Office areas,Y Shape,Vehicle with vehicle collision,2,4,Going straight,Getting off the vehicle improperly,Serious Injury,No,No,45.63232087,-122.5663885,1
10.42.0.211-66.198.178.50-54347-443-6,30,4.6,08-11-2022 11:05,55,Male,Employee,Below 1yr,Long lorry,Other,Y Shape,Vehicle with vehicle collision,2,1,Going straight,No distancing,Serious Injury,Yes,Yes,48.7666984,-122.4573551,0
10.42.0.211-103.7.30.118-39693-80-6,29,4.3,08-11-2022 11:13,55,Male,Employee,1-2yr,Turbo,Other,Y Shape,Vehicle with vehicle collision,2,1,Going straight,No distancing,Serious Injury,No,No,47.97985,-122.405623,1
10.42.0.42-31.13.71.37-53428-443-6,30,1.9,08-11-2022 11:14,45,Male,Employee,5-10yr,Long lorry,Residential areas,Y Shape,Vehicle with vehicle collision,2,1,Going straight,Changing lane to the left,Slight Injury,Yes,Yes,38.34335272,-81.67692971,0
10.42.0.151-104.193.88.109-48421-80-6,29,4.1,08-11-2022 11:17,80,Male,Employee,Above 10yr,Long lorry,Office areas,Y Shape,Vehicle with vehicle collision,2,1,Reversing,No priority to vehicle,Slight Injury,No,No,38.36815343,-81.63964316,1
172.217.10.14-10.42.0.151-443-33389-6,24,2.7,08-11-2022 11:23,60,Male,Employee,5-10yr,Public (13?45 seats), Church areas,Other,Vehicle with vehicle collision,2,1,Going straight,Driving carelessly,Serious Injury,No,No,38.43791693,-81.78404026,1
172.217.12.174-10.42.0.151-443-59758-6,26,2.6,08-11-2022 11:24,40,Male,Employee,2-5yr,Automobile,,Other,Vehicle with vehicle collision,2,1,Turnover,Changing lane to the right,Serious Injury,Yes,Yes,38.42140968,-81.83994609,0
156.154.200.36-10.42.0.211-443-36434-6,22,1.9,08-11-2022 11:29,55,Male,Employee,2-5yr,Automobile,  Market areas,Y Shape,Vehicle with vehicle collision,2,1,Going straight,No distancing,Slight Injury,No,No,38.68341913,-80.76181109,1
10.42.0.151-10.42.0.1-60526-53-17,23.2,1.4,08-11-2022 11:32,70,Male,Employee,Above 10yr,Pick up upto 10Q,Other,Y Shape,Rollover,2,1,Going straight,Changing lane to the right,Slight Injury,Yes,Yes,38.41991769,-82.43600864,0
157.240.18.15-10.42.0.211-443-42987-6,23,1.3,08-11-2022 11:37,40,Male,Employee,2-5yr,Car,Other,No junction,Collision with roadside objects,1,1,Going straight,No distancing,Slight Injury,Yes,Yes,44.99183584,-92.37554922,0
172.217.11.14-10.42.0.151-443-50840-6,22,3,08-11-2022 11:42,50,Female,Owner,Below 1yr,Stationwagen, Church areas,Y Shape,Vehicle with vehicle collision,1,1,Going straight,Driving under the influence of drugs,Slight Injury,No,No,32.47208981,-86.54187728,1
174.35.73.107-10.42.0.211-80-50225-6,30,2.9,08-11-2022 11:45,40,Female,Employee,2-5yr,Car,Residential areas,Y Shape,Vehicle with vehicle collision,1,1,Going straight,Changing lane to the left,Slight Injury,No,No,32.46905046,-86.45787273,1
10.42.0.42-104.192.110.245-41853-80-6,34,2.6,08-11-2022 11:49,60,Male,Employee,Above 10yr,Automobile,Other,Crossing,Collision with roadside objects,2,1,Getting off,Getting off the vehicle improperly,Slight Injury,Yes,Yes,30.68241839,-88.18757032,0
174.35.73.136-10.42.0.211-80-47894-6,34,2.5,08-11-2022 11:52,25,Male,Employee,2-5yr,Automobile,Other,Crossing,Vehicle with vehicle collision,2,1,Moving Backward,Overloading,Slight Injury,No,No,30.66861743,-88.20927157,1
151.101.21.140-10.42.0.211-443-45993-6,24,2.1,08-11-2022 12:01,20,Male,Employee,Above 10yr,Long lorry,Other,No junction,Vehicle with vehicle collision,2,1,Going straight,Driving carelessly,Slight Injury,Yes,Yes,30.75178195,-88.11190582,0
10.42.0.211-23.206.125.17-38533-80-6,30,1.7,08-11-2022 12:03,55,Male,Employee,Above 10yr,Public (13?45 seats),  Recreational areas,No junction,Vehicle with vehicle collision,2,1,Turnover,Overtaking,Slight Injury,No,No,30.7989333,-88.10501979,1
222.186.49.224-10.42.0.211-80-58447-6,33,2.4,08-11-2022 12:09,50,Male,Other,Above 10yr,Public (13?45 seats),  Recreational areas,Crossing,Rollover,1,1,Going straight,No distancing,Slight Injury,Yes,Yes,32.46160446,-86.47063837,0
203.205.147.229-10.42.0.151-80-36691-6,34,2.5,08-11-2022 12:12,30,Male,Employee,Above 10yr,Lorry (11?40Q),Other,Y Shape,Rollover,2,1,,Overturning,Serious Injury,No,No,30.65894492,-88.17975957,1