Fid,Temp,Wind,Date_Time,Age_band_of_driver,Sex_of_driver,Vehicle_driver_relation,Driving_experience,Type_of_vehicle,Area_accident_occured,Types_of_Junction,Type_of_collision,Number_of_vehicles_involved,Number_of_casualties,Vehicle_movement,Cause_of_accident,Accident_severity,Ambulace_Allocated,Ambulace_Pickedup,LATITUDE,LONGITUDE,Label
202.77.129.146-10.42.0.211-80-34427-6,25,2.8,02-11-2022 17:00,40,Female,Owner,1-2yr,Other,School areas,No junction,Vehicle with vehicle collision,2,1,Going straight,Moving Backward,Slight Injury,Yes,Yes,33.62304219,-117.7295245,0
10.42.0.211-31.13.71.1-33526-443-6,35,1.7,08-11-2022 15:40,35,Male,Owner,Below 1yr,Car,Residential areas,No junction,Vehicle with vehicle collision,3,1,Going straight,Changing lane to the right,Slight Injury,Yes,Yes,37.98826006,-122.3313021,0
172.217.10.234-10.42.0.151-443-60520-6,30,1,08-11-2022 15:44,40,Male,Owner,2-5yr,Lorry (41?100Q),Other,No junction,Vehicle with vehicle collision,3,1,Going straight,Moving Backward,Slight Injury,No,No,37.97801718,-122.0151329,1
10.42.0.151-104.192.108.27-45727-443-6,29,2.2,08-11-2022 15:48,40,Male,Owner,2-5yr,Lorry (41?100Q),Residential areas,Crossing,Vehicle with vehicle collision,2,4,Going straight,Driving under the influence of drugs,Fatal injury,Yes,Yes,38.02293542,-121.9821134,0
172.217.12.132-10.42.0.211-443-33692-6,30,1.8,08-11-2022 15:54,65,Male,Owner,5-10yr,Public (12 seats), Church areas,Crossing,Collision with roadside objects,2,4,Going straight,Changing lane to the right,Fatal injury,No,No,37.93346627,-122.0336012,1
10.42.0.211-111.1.17.152-41214-8077-6,41,1.6,08-11-2022 15:58,40,Male,Owner,1-3yr,Lorry (41?100Q),Residential areas,Crossing,Vehicle with vehicle collision,2,4,Going straight,No priority to vehicle,Fatal injury,Yes,Yes,39.75450541,-121.805005,0
10.42.0.42-106.39.169.66-60712-80-6,25,0.9,08-11-2022 16:07,20,Male,Owner,Below 1yr,Lorry (41?100Q),Office areas,Crossing,Collision with pedestrians,2,4,Going straight,Changing lane to the left,Fatal injury,No,No,38.03959379,-120.5336547,1
172.217.10.78-10.42.0.151-443-59783-6,33,2.7,08-11-2022 16:09,25,Male,Owner,Above 10yr,Public (12 seats),Residential areas,No junction,Vehicle with vehicle collision,3,1,Turnover,Driving carelessly,Slight Injury,Yes,Yes,37.92208339,-122.0785973,0
10.42.0.211-106.11.94.27-35184-443-6,38,1.7,08-11-2022 16:13,25,Male,Owner,Below 1yr,Public (> 45 seats),Other,No junction,Collision with roadside objects,3,1,Going straight,No priority to pedestrian,Slight Injury,Yes,Yes,37.88879311,-122.1363387,0
172.217.6.206-10.42.0.211-443-40001-6,35,1.2,08-11-2022 16:18,40,Male,Owner,5-10yr,Automobile, Industrial areas,No junction,Vehicle with vehicle collision,3,1,Other,No priority to pedestrian,Slight Injury,Yes,Yes,38.73634188,-120.8140031,0
10.42.0.211-123.125.29.220-40658-80-6,30,1.4,08-11-2022 16:20,45,Male,Owner,5-10yr,Pick up upto 10Q, Church areas,Other,Vehicle with vehicle collision,2,1,Going straight,Changing lane to the right,Slight Injury,Yes,Yes,37.94458087,-122.3161269,0
10.42.0.211-77.234.42.92-58243-443-6,28,2.4,08-11-2022 16:24,35,Male,Owner,1-3yr,Stationwagen,Residential areas,Other,Vehicle with vehicle collision,2,1,Going straight,Drunk driving,Slight Injury,Yes,Yes,37.93317927,-121.7105145,0
10.42.0.151-10.42.0.1-27382-53-17,29,2.5,08-11-2022 16:30,60,Male,Employee,1-2yr,Other,,No junction,Vehicle with vehicle collision,2,1,Going straight,Changing lane to the left,Slight Injury,No,No,37.9625788,-122.3034507,1
206.126.112.141-10.42.0.151-443-57546-6,29,1.9,08-11-2022 16:33,35,Female,Owner,5-10yr,Car,,No junction,Vehicle with vehicle collision,2,1,Going straight,Changing lane to the left,Slight Injury,No,No,37.98039267,-122.296325,1
10.42.0.42-104.97.95.172-47490-80-6,24,0.4,08-11-2022 16:34,25,Male,Employee,5-10yr,Automobile,Office areas,No junction,Rollover,2,1,Going straight,Driving to the left,Slight Injury,Yes,Yes,38.63693737,-121.0704521,0
180.149.136.194-10.42.0.211-80-57378-6,28,0.6,08-11-2022 16:40,55,Male,Employee,5-10yr,Stationwagen, Outside rural areas,No junction,Collision with roadside objects,2,1,Moving Backward,Changing lane to the left,Slight Injury,Yes,Yes,37.95680348,-121.7514328,0
220.194.79.12-10.42.0.151-80-46390-6,30,1.8,08-11-2022 16:44,60,Male,Employee,5-10yr,Pick up upto 10Q, Church areas,Unknown,Vehicle with vehicle collision,2,1,Moving Backward,Driving under the influence of drugs,Slight Injury,Yes,Yes,37.96802786,-121.7806575,0
172.217.10.68-10.42.0.151-443-44822-6,29,2.7,08-11-2022 16:55,60,Male,Employee,Above 10yr,Lorry (41?100Q),Office areas,Unknown,Vehicle with vehicle collision,2,1,Moving Backward,No priority to pedestrian,Slight Injury,No,No,38.6577524,-121.0182104,1
10.42.0.211-107.21.247.249-49129-443-6,35,4.4,08-11-2022 16:59,40,Male,Employee,5-10yr,Automobile, Church areas,Y Shape,Collision with roadside objects,2,1,Other,Changing lane to the left,Slight Injury,No,No,38.00815851,-121.8115045,1
10.42.0.151-31.13.80.5-45989-443-6,28,5.1,08-11-2022 17:08,40,Male,Employee,No Licence,Car,Office areas,Y Shape,Vehicle with vehicle collision,2,1,Going straight,Moving Backward,Slight Injury,No,No,37.97566819,-122.3344228,1
10.42.0.151-10.42.0.1-52062-53-17,28,2.2,08-11-2022 17:11,65,Male,Employee,Below 1yr,Lorry (41?100Q),Office areas,Crossing,Vehicle with vehicle collision,2,1,Unknown,No distancing,Slight Injury,No,No,37.93210266,-122.3108518,1
172.217.10.110-10.42.0.151-443-52206-6,30,3.9,08-11-2022 17:14,35,Male,Employee,5-10yr,Lorry (41?100Q),School areas,Crossing,Vehicle with vehicle collision,2,1,Turnover,Changing lane to the right,Slight Injury,No,No,40.58835694,-124.1476159,1
10.42.0.1-10.42.0.42-53-55680-17,29,2.2,08-11-2022 17:27,60,Female,Employee,5-10yr,Lorry (41?100Q),Residential areas,Y Shape,Vehicle with vehicle collision,2,2,Getting off,No priority to vehicle,Slight Injury,Yes,Yes,39.74746912,-122.1680112,0
10.42.0.151-10.42.0.1-63959-53-17,29,1.4,08-11-2022 17:28,55,Male,Employee,5-10yr,Pick up upto 10Q,Office areas,Y Shape,Vehicle with vehicle collision,2,2,Going straight,Moving Backward,Slight Injury,No,No,37.92260642,-122.0282122,1
192.229.173.173-10.42.0.151-80-46736-6,28,7.9,08-11-2022 17:37,35,Male,Employee,5-10yr,Pick up upto 10Q,Rural village areasOffice areas,Y Shape,Vehicle with vehicle collision,2,2,Going straight,Overtaking,Slight Injury,Yes,Yes,39.72573549,-121.842583,0
172.217.11.46-10.42.0.211-443-58172-6,28,2.4,08-11-2022 17:37,40,Female,Employee,5-10yr,Automobile,Other,No junction,Collision with pedestrians,2,1,Going straight,Changing lane to the left,Slight Injury,Yes,Yes,37.88391857,-122.1836496,0
10.42.0.1-10.42.0.42-53-10990-17,26,1.6,08-11-2022 17:38,60,Male,Employee,2-5yr,Other,Residential areas,No junction,Vehicle with vehicle collision,2,1,Turnover,Changing lane to the right,Slight Injury,Yes,Yes,39.79402594,-121.893802,0
10.42.0.151-23.208.86.153-54122-80-6,22,3.1,08-11-2022 17:41,40,Male,Employee,5-10yr,Car,Office areas,Y Shape,Collision with roadside objects,2,1,Reversing,Overtaking,Slight Injury,No,No,37.95300306,-122.341107,1
10.42.0.211-64.71.142.120-55481-443-6,33,1.7,08-11-2022 17:44,35,Male,Employee,Above 10yr,Automobile,Office areas,Y Shape,Vehicle with vehicle collision,2,1,Moving Backward,Overloading,Slight Injury,Yes,Yes,37.95141982,-122.0360829,0
10.42.0.151-23.195.253.195-38861-443-6,28,7.2,08-11-2022 17:46,40,Male,Employee,1-2yr,Motorcycle,Residential areas,Y Shape,Vehicle with vehicle collision,2,1,Other,Other,Slight Injury,No,No,37.97698952,-122.3096517,1
172.217.12.193-10.42.0.211-443-46183-6,26,4.1,08-11-2022 17:50,50,Male,Employee,Below 1yr,Automobile,Office areas,Y Shape,Vehicle with vehicle collision,2,1,Going straight,No priority to vehicle,Slight Injury,Yes,Yes,37.99829383,-122.3231719,0
10.42.0.211-52.179.184.189-58305-443-6,29,1.4,08-11-2022 17:54,45,Female,Employee,1-2yr,Automobile,Office areas,Y Shape,Vehicle with vehicle collision,2,1,Going straight,Changing lane to the right,Slight Injury,No,No,38.02874653,-122.2631157,1
172.217.3.106-10.42.0.151-443-42693-6,34,4.4,08-11-2022 18:00,25,Male,Employee,5-10yr,Public (12 seats),Office areas,Y Shape,Vehicle with vehicle collision,2,1,Going straight,Moving Backward,Slight Injury,Yes,Yes,37.95827318,-121.9730229,0
10.42.0.211-77.234.44.200-50151-80-6,24,2.6,08-11-2022 18:02,35,Male,Employee,1-2yr,Long lorry,Office areas,Y Shape,Vehicle with vehicle collision,2,1,Going straight,Changing lane to the left,Slight Injury,No,No,38.673292,-120.673875,1
203.205.151.47-10.42.0.151-80-34422-6,33,2.2,08-11-2022 18:09,65,Male,Owner,5-10yr,Car,Other,Y Shape,Vehicle with vehicle collision,2,1,Going straight,No priority to pedestrian,Slight Injury,No,No,37.97462405,-121.9846918,1
10.42.0.211-117.121.27.10-55764-80-6,25,3.8,08-11-2022 18:14,40,Female,Employee,2-5yr,Automobile,Other,No junction,Vehicle with vehicle collision,1,1,Going straight,No distancing,Slight Injury,Yes,Yes,37.77961375,-121.9976878,0
172.217.12.170-10.42.0.211-443-42199-6,30,1.1,08-11-2022 18:21,30,Male,Owner,Below 1yr,Public (> 45 seats),Other,No junction,Vehicle with vehicle collision,2,1,Going straight,No priority to vehicle,Slight Injury,No,No,37.935527,-121.698402,1
10.42.0.211-10.42.0.1-62179-53-17,25,6,08-11-2022 18:24,40,Male,Employee,5-10yr,Pick up upto 10Q,Residential areas,No junction,Collision with roadside objects,2,1,Going straight,No distancing,Slight Injury,Yes,Yes,37.5000814,-122.4667771,0
10.42.0.211-10.42.0.1-20061-53-17,34,4.6,08-11-2022 18:25,40,Male,Employee,5-10yr,Lorry (41?100Q),School areas,Y Shape,Vehicle with vehicle collision,2,3,Going straight,No distancing,Slight Injury,Yes,Yes,37.95272911,-121.9977824,0
10.42.0.151-52.94.232.32-43557-443-6,29,1.6,09-11-2022 09:08,45,Male,Employee,5-10yr,Public (13?45 seats),Office areas,Y Shape,Collision with roadside objects,2,2,Going straight,No distancing,Slight Injury,Yes,Yes,34.10517626,-118.2793389,0
10.42.0.211-23.206.173.182-40991-80-6,29,2.6,09-11-2022 09:34,40,Male,Employee,5-10yr,Lorry (41?100Q),Residential areas,Y Shape,Collision with roadside objects,2,2,Going straight,No priority to pedestrian,Slight Injury,No,No,34.02458236,-118.3974209,1
10.42.0.211-104.192.110.245-33824-80-6,25,4.7,09-11-2022 09:48,55,Male,Employee,1-2yr,Public (12 seats),Office areas,Y Shape,Vehicle with vehicle collision,3,4,Going straight,No distancing,Slight Injury,No,No,34.17358518,-118.1171744,1
202.77.129.146-10.42.0.211-80-49447-6,28.5,3.1,09-11-2022 09:48,20,Male,Owner,5-10yr,Automobile,Residential areas,Y Shape,Vehicle with vehicle collision,3,4,Other,No priority to vehicle,Slight Injury,No,No,34.16227984,-118.0992134,1
220.243.219.55-10.42.0.211-80-46316-6,30,2.2,09-11-2022 09:55,50,Male,Owner,Above 10yr,Automobile,Other,Y Shape,Vehicle with vehicle collision,3,4,Going straight,Other,Slight Injury,No,No,34.13639047,-118.1545288,1
10.42.0.42-34.193.179.48-41497-443-6,29,1.3,09-11-2022 09:58,40,Male,Owner,Below 1yr,Stationwagen,Other,Y Shape,Vehicle with vehicle collision,3,4,Going straight,Driving carelessly,Slight Injury,No,No,34.1639081,-118.3455847,1
10.42.0.1-10.42.0.42-53-60579-17,30,1.5,09-11-2022 10:02,40,Female,Owner,5-10yr,Lorry (41?100Q),Office areas,Crossing,Vehicle with vehicle collision,2,1,Going straight,Changing lane to the left,Serious Injury,Yes,Yes,34.17966,-118.370981,0
10.42.0.151-10.42.0.1-56066-53-17,29,0.8,09-11-2022 10:05,25,Male,Employee,Above 10yr,Lorry (41?100Q),Office areas,Crossing,Rollover,2,1,Reversing,Driving carelessly,Serious Injury,No,No,34.66734718,-118.1240505,1
10.42.0.211-123.125.29.220-57839-80-6,29,2.3,09-11-2022 10:12,50,Male,Employee,Below 1yr,Lorry (41?100Q),Residential areas,Y Shape,Vehicle with vehicle collision,2,1,Moving Backward,Changing lane to the left,Slight Injury,Yes,Yes,33.64730457,-117.7342155,0
182.22.31.124-10.42.0.211-443-45399-6,29,2.9,09-11-2022 10:13,45,Male,Employee,1-2yr,Public (> 45 seats),Other,Y Shape,Collision with roadside objects,2,1,Going straight,No priority to vehicle,Slight Injury,Yes,Yes,33.73579703,-117.9367876,0
183.79.249.124-10.42.0.211-443-42849-6,28.5,3.7,09-11-2022 10:17,40,Male,Employee,Above 10yr,Public (12 seats),Other,No junction,Collision with pedestrians,1,1,Going straight,No distancing,Slight Injury,Yes,Yes,35.29373295,-120.6720827,0
10.42.0.42-104.193.88.109-49934-80-6,28.5,3.9,09-11-2022 10:19,40,Male,Owner,Above 10yr,Other,Office areas,Unknown,Vehicle with vehicle collision,2,1,Reversing,Changing lane to the right,Slight Injury,No,No,33.83088574,-116.5504974,1
10.42.0.42-66.231.239.125-32952-443-6,29,1,09-11-2022 10:33,30,Male,Employee,Above 10yr,Public (12 seats),Office areas,Unknown,Vehicle with vehicle collision,2,1,Going straight,Changing lane to the right,Slight Injury,Yes,Yes,35.62946112,-117.6815106,0
219.142.78.217-10.42.0.42-80-59066-6,30,2.7,09-11-2022 10:41,45,Unknown,Employee,No Licence,Other, Church areas,No junction,Vehicle with vehicle collision,1,1,Reversing,Driving at high speed,Slight Injury,No,No,37.58079867,-122.3591834,1
216.58.217.164-10.42.0.211-443-47728-6,29.5,2.8,09-11-2022 10:43,55,Male,Employee,1-2yr,Public (12 seats),Other,No junction,Vehicle with vehicle collision,2,2,Other,No distancing,Slight Injury,Yes,Yes,40.794903,-124.17195,0
10.42.0.211-23.23.129.231-49884-443-6,29.5,2.1,09-11-2022 10:49,55,Male,Owner,1-2yr,Stationwagen,Office areas,No junction,Vehicle with vehicle collision,2,2,,Changing lane to the right,Slight Injury,No,No,35.64773544,-117.6714297,1
10.42.0.211-98.139.199.205-43648-443-6,29,3.7,09-11-2022 10:50,40,Male,Owner,Below 1yr,Automobile,Office areas,No junction,Vehicle with vehicle collision,2,2,Going straight,Changing lane to the left,Slight Injury,Yes,Yes,39.03973765,-122.9179868,0
10.42.0.1-10.42.0.42-53-38232-17,30,2.3,09-11-2022 10:56,80,Male,Owner,1-2yr,Lorry (41?100Q),Residential areas,Y Shape,Vehicle with vehicle collision,2,1,Going straight,Getting off the vehicle improperly,Slight Injury,No,No,40.79995891,-124.1512873,1
172.217.10.42-10.42.0.151-443-47070-6,29,4,09-11-2022 10:56,55,Male,Owner,2-5yr,Special vehicle,Other,Y Shape,Collision with roadside objects,2,1,Going straight,Other,Slight Injury,No,No,35.59393074,-119.3510625,1
10.42.0.211-95.213.11.133-36030-80-6,29,5.9,09-11-2022 10:58,45,Male,Owner,5-10yr,Lorry (41?100Q),Residential areas,Y Shape,Rollover,2,1,Going straight,Other,Slight Injury,Yes,Yes,35.77279516,-119.241441,0
203.205.158.60-10.42.0.151-80-54544-6,31,1.7,09-11-2022 11:04,50,Male,Owner,Above 10yr,Lorry (41?100Q),Office areas,Y Shape,Vehicle with vehicle collision,2,1,Going straight,No distancing,Slight Injury,No,No,36.33524518,-119.6446456,1
10.42.0.1-10.42.0.42-53-17570-17,27,0.8,09-11-2022 11:05,35,Male,Owner,2-5yr,Public (> 45 seats),Office areas,Crossing,Collision with pedestrians,1,1,Going straight,No priority to vehicle,Slight Injury,Yes,Yes,35.34245969,-119.0491143,0
172.217.10.65-10.42.0.211-443-39340-6,42,0.5,09-11-2022 11:08,40,Male,Owner,Above 10yr,Automobile,Other,Y Shape,Vehicle with vehicle collision,1,1,Going straight,Overtaking,Slight Injury,Yes,Yes,39.12068618,-122.9036701,0
151.101.1.140-10.42.0.151-443-52525-6,28,2.1,09-11-2022 11:10,50,Male,Owner,5-10yr,Automobile,Other,No junction,Vehicle with vehicle collision,4,2,Going straight,No priority to pedestrian,Slight Injury,No,No,33.86503302,-117.7415369,1
172.217.9.234-10.42.0.151-443-42290-6,32,1.3,09-11-2022 11:14,45,Male,Owner,1-3yr,Automobile,Office areas,No junction,Collision with pedestrians,4,2,Going straight,No distancing,Slight Injury,No,No,37.99328026,-122.0267498,1
10.42.0.151-10.42.0.1-54316-53-17,35,1.1,09-11-2022 11:21,60,Male,Owner,5-10yr,Public (> 45 seats),Residential areas,No junction,Collision with pedestrians,4,2,Going straight,Changing lane to the right,Slight Injury,Yes,Yes,37.7696081,-122.2494288,0
10.42.0.151-125.39.133.40-34876-80-6,26,2.6,09-11-2022 11:24,60,Male,Owner,Below 1yr,Lorry (11?40Q),Other,No junction,Vehicle with vehicle collision,4,2,Going straight,Driving carelessly,Slight Injury,No,No,34.13073492,-118.0259842,1
172.217.10.131-10.42.0.151-443-47353-6,32,1.7,09-11-2022 11:35,45,Male,Owner,2-5yr,Pick up upto 10Q,Residential areas,No junction,Vehicle with vehicle collision,2,1,Going straight,Changing lane to the right,Slight Injury,Yes,Yes,34.21351918,-118.5276878,0
10.42.0.151-10.42.0.1-1861-53-17,27,1.2,09-11-2022 11:36,45,Female,Employee,2-5yr,Lorry (11?40Q), Church areas,No junction,Vehicle with vehicle collision,2,1,Going straight,Overtaking,Slight Injury,No,No,37.41483156,-122.1046585,1
10.42.0.151-106.11.94.6-33611-443-6,35,3.2,09-11-2022 11:38,60,Male,Employee,2-5yr,Pick up upto 10Q,Residential areas,Crossing,Vehicle with vehicle collision,2,1,Going straight,Other,Slight Injury,Yes,Yes,37.51983831,-121.9451078,0
10.42.0.211-10.42.0.1-21146-53-17,29,2.6,09-11-2022 11:45,40,Male,Employee,2-5yr,Special vehicle,Office areas,Crossing,Vehicle with vehicle collision,2,1,Going straight,Driving to the left,Slight Injury,No,No,32.72692,-117.159851,1
174.35.73.136-10.42.0.211-80-54249-6,28,2.7,09-11-2022 11:45,55,Male,Employee,5-10yr,Lorry (11?40Q),Residential areas,Y Shape,Collision with roadside objects,2,1,Moving Backward,Driving at high speed,Slight Injury,Yes,Yes,32.73746349,-117.2141164,0
172.217.9.238-10.42.0.151-443-33313-6,30,3.7,09-11-2022 11:48,40,Male,Employee,5-10yr,Car,Other,Y Shape,Vehicle with vehicle collision,2,1,Going straight,Unknown,Slight Injury,Yes,Yes,36.99459,-121.954051,0
10.42.0.211-34.206.143.59-56352-80-6,32,2.6,09-11-2022 11:51,45,Male,Employee,Above 10yr,Car, Industrial areas,Y Shape,Vehicle with vehicle collision,1,1,Going straight,Changing lane to the right,Serious Injury,Yes,Yes,40.86517374,-121.8456299,0
10.42.0.42-123.125.29.138-36357-80-6,32,1.6,09-11-2022 11:57,45,Male,Employee,5-10yr,Lorry (41?100Q), Church areas,Y Shape,Vehicle with vehicle collision,1,1,Going straight,No distancing,Slight Injury,Yes,Yes,37.27520955,-121.8810729,0
203.205.190.44-10.42.0.211-80-51360-6,34,4.6,09-11-2022 12:02,45,Male,Employee,5-10yr,Other,Residential areas,Y Shape,Vehicle with vehicle collision,2,1,,Other,Slight Injury,Yes,Yes,34.15298877,-118.3978813,0
10.42.0.211-66.198.24.224-54478-443-6,28,6.3,09-11-2022 12:05,40,Male,Employee,Above 10yr,Other,,Y Shape,Vehicle with vehicle collision,2,1,Turnover,No priority to vehicle,Slight Injury,No,No,33.40520631,-117.1645807,1
203.205.158.55-10.42.0.211-80-58227-6,29,7,09-11-2022 12:05,40,Female,Owner,1-3yr,Automobile,,No junction,Vehicle with vehicle collision,2,1,Going straight,Changing lane to the left,Slight Injury,No,No,37.24924287,-121.8973284,1
172.217.12.170-10.42.0.42-443-49635-6,27,8.8,09-11-2022 12:09,55,Female,Owner,5-10yr,Other,Office areas,No junction,Vehicle with vehicle collision,2,1,Going straight,No priority to pedestrian,Slight Injury,Yes,Yes,37.29634749,-121.9115393,0
172.217.7.14-10.42.0.211-80-34641-6,28,8.1,09-11-2022 12:13,45,Male,Employee,5-10yr,Automobile, Outside rural areas,No junction,Vehicle with vehicle collision,1,1,Going straight,Overtaking,Serious Injury,Yes,Yes,37.42677436,-122.1467178,0
10.42.0.211-23.23.129.231-50052-443-6,35,7.1,09-11-2022 12:18,50,Male,Employee,Below 1yr,Public (13?45 seats), Church areas,Y Shape,Vehicle with vehicle collision,2,1,Going straight,Driving carelessly,Slight Injury,Yes,Yes,33.16198349,-117.3466121,0
172.217.11.14-10.42.0.151-443-42859-6,27,1.3,09-11-2022 12:21,50,Male,Owner,1-3yr,Lorry (41?100Q),Office areas,Y Shape,Vehicle with vehicle collision,2,1,Going straight,No priority to vehicle,Slight Injury,No,No,36.91129867,-121.7548779,1
202.77.129.150-10.42.0.211-443-43572-6,25,2.5,09-11-2022 12:21,45,Male,Employee,5-10yr,Car, Church areas,No junction,Vehicle with vehicle collision,1,2,Going straight,No priority to pedestrian,Slight Injury,No,No,34.24050164,-118.4858042,1
10.42.0.151-104.254.66.16-49945-80-6,32,2.7,09-11-2022 12:23,60,Male,Employee,5-10yr,Automobile,Office areas,No junction,Vehicle with vehicle collision,1,2,Going straight,Changing lane to the right,Slight Injury,No,No,37.5239016,-122.304351,1
10.42.0.211-10.42.0.1-53949-53-17,30,2.3,09-11-2022 12:25,35,Male,Employee,Above 10yr,Car,Office areas,Crossing,Vehicle with vehicle collision,2,1,Going straight,Driving carelessly,Slight Injury,No,No,33.84632711,-117.8899048,1
173.194.204.188-10.42.0.211-5228-56884-6,30,2.2,09-11-2022 12:27,55,Male,Employee,Above 10yr,Lorry (41?100Q),School areas,Crossing,Vehicle with vehicle collision,2,1,Going straight,Changing lane to the right,Slight Injury,No,No,34.47005187,-117.3312852,1
172.217.10.14-10.42.0.151-443-57262-6,35,2.5,09-11-2022 12:33,40,Male,Employee,Above 10yr,Car,Residential areas,O Shape,Vehicle with vehicle collision,2,1,Turnover,Changing lane to the right,Slight Injury,Yes,Yes,38.666131,-121.132946,0
172.217.12.206-10.42.0.211-80-51033-6,30,2.2,09-11-2022 12:34,40,Male,Employee,Above 10yr,Lorry (41?100Q),Office areas,O Shape,Collision with roadside objects,2,1,,Changing lane to the left,Slight Injury,No,No,34.17898653,-118.6003433,1
192.229.173.173-10.42.0.42-80-51582-6,29,1.5,09-11-2022 12:42,40,Male,Employee,Above 10yr,Taxi,Rural village areasOffice areas,No junction,Vehicle with vehicle collision,2,1,Reversing,Overturning,Slight Injury,Yes,Yes,37.92943768,-122.0584985,0
10.42.0.211-54.192.36.32-46962-80-6,30,2.6,09-11-2022 12:46,50,Male,Employee,Above 10yr,Lorry (41?100Q),Other,No junction,Vehicle with vehicle collision,2,1,Other,Driving carelessly,Slight Injury,Yes,Yes,37.74325708,-122.4376595,0
10.42.0.151-61.135.185.139-49811-80-6,41,5.2,09-11-2022 12:48,55,Male,Employee,5-10yr,Lorry (41?100Q),Residential areas,No junction,Vehicle with vehicle collision,2,1,Going straight,No distancing,Slight Injury,Yes,Yes,33.84315622,-118.2635939,0
10.42.0.211-118.26.161.142-60103-80-6,25,1.9,09-11-2022 12:50,40,Male,Employee,2-5yr,Other,Office areas,No junction,Vehicle with vehicle collision,2,1,Going straight,Driving carelessly,Slight Injury,No,No,39.39902875,-123.3505605,1
10.42.0.211-54.239.17.112-40296-443-6,33,0.8,09-11-2022 12:57,30,Female,Employee,Below 1yr,Stationwagen,Office areas,No junction,Collision with pedestrians,2,1,Turnover,Changing lane to the left,Slight Injury,Yes,Yes,34.05676,-118.429261,0
172.217.11.35-10.42.0.151-80-43103-6,38,1.3,09-11-2022 13:04,55,Male,Employee,Below 1yr,Stationwagen,Residential areas,No junction,Vehicle with vehicle collision,2,1,Other,No priority to vehicle,Slight Injury,No,No,32.86496244,-117.2391442,1
203.90.242.126-10.42.0.211-80-55139-6,35,1.3,09-11-2022 13:05,55,Male,Employee,2-5yr,Lorry (41?100Q),Office areas,No junction,Vehicle with vehicle collision,2,1,Going straight,Changing lane to the right,Slight Injury,Yes,Yes,33.70940643,-117.8589346,0
219.142.78.162-10.42.0.211-80-60541-6,30,1.6,09-11-2022 13:10,40,Male,Employee,Below 1yr,Lorry (41?100Q),Office areas,No junction,Vehicle with vehicle collision,2,1,Going straight,No distancing,Slight Injury,No,No,33.83741425,-117.920926,1
216.58.219.194-10.42.0.42-443-43833-6,28,3.4,09-11-2022 13:13,40,Male,Employee,Below 1yr,Other,Office areas,Other,Vehicle with vehicle collision,1,1,Other,Moving Backward,Slight Injury,Yes,Yes,37.32793002,-121.9798797,0
217.69.133.211-10.42.0.211-443-44117-6,29,6.4,09-11-2022 13:18,40,Female,Employee,1-3yr,Automobile,Office areas,Crossing,Vehicle with vehicle collision,2,1,Going straight,Moving Backward,Slight Injury,No,No,33.90719498,-117.5268867,1
10.42.0.151-10.42.0.1-37536-53-17,29,2.6,09-11-2022 13:25,55,Male,Employee,5-10yr,Car,Other,Crossing,Vehicle with vehicle collision,2,1,Turnover,No distancing,Slight Injury,No,No,34.23341508,-117.2068252,1
10.42.0.211-118.123.114.134-54612-80-6,24,0.8,09-11-2022 13:27,25,Male,Employee,Below 1yr,Taxi,Other,Y Shape,Vehicle with vehicle collision,2,1,Going straight,No distancing,Slight Injury,Yes,Yes,37.723646,-122.455104,0
172.217.10.106-10.42.0.151-443-46630-6,28,2.5,09-11-2022 13:33,60,Male,Employee,Below 1yr,Lorry (41?100Q),Other,Y Shape,Vehicle with vehicle collision,2,1,Turnover,No distancing,Slight Injury,No,No,38.5238408,-121.4752596,1
162.208.22.39-10.42.0.211-443-58915-6,30,4.3,09-11-2022 13:52,60,Male,Employee,1-2yr,Other,Residential areas,No junction,Collision with pedestrians,2,1,Going straight,No priority to pedestrian,Slight Injury,Yes,Yes,34.65105135,-120.451068,0
202.77.129.161-10.42.0.211-80-56998-6,29,4.7,09-11-2022 14:22,60,Male,Employee,Above 10yr,Automobile,School areas,No junction,Vehicle with vehicle collision,2,1,Moving Backward,Driving carelessly,Slight Injury,Yes,Yes,34.136723,-118.132252,0